{
  "featured": [
    {
      "id": 1,
      "name": "Signature Truffle Collection",
      "price": 32.99,
      "description": "Our signature collection features 16 handcrafted truffles with flavors ranging from classic dark chocolate to exotic passion fruit and champagne.",
      "shortDescription": "16 handcrafted luxury truffles",
      "image": "https://images.pexels.com/photos/65882/chocolate-dark-coffee-confiserie-65882.jpeg",
      "category": "truffles",
      "bestseller": true,
      "ingredients": "Dark chocolate (cocoa mass, sugar, cocoa butter, emulsifier: soya lecithin, natural vanilla), cream, butter, glucose syrup, various flavors",
      "weight": "200g"
    },
    {
      "id": 2,
      "name": "Dark Chocolate Assortment",
      "price": 28.99,
      "description": "Experience the rich depth of our premium dark chocolate assortment, featuring 12 pieces with varying cocoa percentages from 70% to 90%.",
      "shortDescription": "12 premium dark chocolate pieces",
      "image": "https://images.pexels.com/photos/890577/pexels-photo-890577.jpeg",
      "category": "assortments",
      "bestseller": true,
      "ingredients": "Cocoa mass, sugar, cocoa butter, emulsifier: soya lecithin, natural vanilla",
      "weight": "150g"
    },
    {
      "id": 3,
      "name": "Hazelnut Praline Gift Box",
      "price": 39.99,
      "description": "Our exquisite hazelnut praline gift box contains 20 pieces of smooth milk chocolate filled with creamy hazelnut praline, presented in a luxury gift box.",
      "shortDescription": "20 hazelnut praline chocolates",
      "image": "https://images.pexels.com/photos/918327/pexels-photo-918327.jpeg",
      "category": "gift boxes",
      "bestseller": true,
      "ingredients": "Milk chocolate (sugar, cocoa butter, milk powder, cocoa mass, emulsifier: soya lecithin, natural vanilla), hazelnuts, sugar",
      "weight": "250g"
    }
  ],
  "products": [
    {
      "id": 4,
      "name": "Single Origin Ecuador Bar",
      "price": 12.99,
      "description": "Crafted from rare Arriba Nacional cocoa beans from Ecuador, this 75% dark chocolate bar offers floral notes with hints of tropical fruit.",
      "shortDescription": "75% dark chocolate from Ecuador",
      "image": "https://images.pexels.com/photos/3991509/pexels-photo-3991509.jpeg",
      "category": "bars",
      "bestseller": false,
      "ingredients": "Cocoa mass, sugar, cocoa butter",
      "weight": "100g"
    },
    {
      "id": 5,
      "name": "Champagne Truffles",
      "price": 34.99,
      "description": "Indulge in our champagne truffles, a luxurious blend of white chocolate ganache infused with Marc de Champagne and encased in a delicate milk chocolate shell.",
      "shortDescription": "White chocolate with champagne",
      "image": "https://images.pexels.com/photos/1028708/pexels-photo-1028708.jpeg",
      "category": "truffles",
      "bestseller": false,
      "ingredients": "Milk chocolate, white chocolate (sugar, cocoa butter, milk powder, emulsifier: soya lecithin, natural vanilla), cream, Marc de Champagne",
      "weight": "180g"
    },
    {
      "id": 6,
      "name": "Raspberry Dark Chocolate Squares",
      "price": 24.99,
      "description": "Experience the perfect balance of tart raspberry and rich dark chocolate with our handcrafted chocolate squares, dusted with raspberry powder.",
      "shortDescription": "Dark chocolate with raspberry",
      "image": "https://images.pexels.com/photos/2373210/pexels-photo-2373210.jpeg",
      "category": "assortments",
      "bestseller": false,
      "ingredients": "Dark chocolate (cocoa mass, sugar, cocoa butter, emulsifier: soya lecithin), raspberries, sugar",
      "weight": "160g"
    },
    {
      "id": 7,
      "name": "Artisan Milk Chocolate Collection",
      "price": 29.99,
      "description": "Our artisan milk chocolate collection features 15 pieces with various fillings including caramel, praline, and fruit creams.",
      "shortDescription": "15 artisan milk chocolates",
      "image": "https://images.pexels.com/photos/4045878/pexels-photo-4045878.jpeg",
      "category": "assortments",
      "bestseller": false,
      "ingredients": "Milk chocolate (sugar, cocoa butter, milk powder, cocoa mass, emulsifier: soya lecithin, natural vanilla), various fillings",
      "weight": "200g"
    },
    {
      "id": 8,
      "name": "Salted Caramel Chocolates",
      "price": 26.99,
      "description": "Discover the perfect blend of sweet and savory with our milk chocolate shells filled with smooth, flowing salted caramel.",
      "shortDescription": "Milk chocolate with salted caramel",
      "image": "https://images.pexels.com/photos/918329/pexels-photo-918329.jpeg",
      "category": "assortments",
      "bestseller": true,
      "ingredients": "Milk chocolate (sugar, cocoa butter, milk powder, cocoa mass, emulsifier: soya lecithin, natural vanilla), sugar, cream, butter, sea salt",
      "weight": "180g"
    },
    {
      "id": 9,
      "name": "Luxury Chocolate Gift Hamper",
      "price": 89.99,
      "description": "The perfect gift for chocolate lovers, this luxury hamper contains an assortment of our finest chocolates, truffles, and bars.",
      "shortDescription": "Premium chocolate gift assortment",
      "image": "https://images.pexels.com/photos/1693027/pexels-photo-1693027.jpeg",
      "category": "gift boxes",
      "bestseller": false,
      "ingredients": "Various chocolate products (see individual items)",
      "weight": "500g"
    },
    {
      "id": 10,
      "name": "Sea Salt Dark Chocolate Bar",
      "price": 11.99,
      "description": "Our 70% dark chocolate bar with sea salt crystals offers a perfect balance of bitterness and saltiness, enhancing the complex chocolate flavors.",
      "shortDescription": "70% dark chocolate with sea salt",
      "image": "https://images.pexels.com/photos/3991507/pexels-photo-3991507.jpeg",
      "category": "bars",
      "bestseller": false,
      "ingredients": "Cocoa mass, sugar, cocoa butter, sea salt",
      "weight": "100g"
    },
    {
      "id": 11,
      "name": "Orange Infused Chocolate Thins",
      "price": 19.99,
      "description": "Delicate dark chocolate thins infused with natural orange oil, perfect for an after-dinner treat or with coffee.",
      "shortDescription": "Dark chocolate with orange",
      "image": "https://images.pexels.com/photos/207260/pexels-photo-207260.jpeg",
      "category": "assortments",
      "bestseller": false,
      "ingredients": "Dark chocolate (cocoa mass, sugar, cocoa butter, emulsifier: soya lecithin), natural orange oil",
      "weight": "120g"
    },
    {
      "id": 12,
      "name": "Mint Chocolate Selection",
      "price": 27.99,
      "description": "Refresh your palate with our mint chocolate selection, featuring dark chocolate with various intensities of mint from subtle to invigorating.",
      "shortDescription": "Dark chocolate with mint",
      "image": "https://images.pexels.com/photos/1366947/pexels-photo-1366947.jpeg",
      "category": "assortments",
      "bestseller": false,
      "ingredients": "Dark chocolate (cocoa mass, sugar, cocoa butter, emulsifier: soya lecithin), natural mint oil",
      "weight": "180g"
    }
  ],
  "categories": [
    {
      "id": "all",
      "name": "All Products"
    },
    {
      "id": "truffles",
      "name": "Truffles"
    },
    {
      "id": "bars",
      "name": "Chocolate Bars"
    },
    {
      "id": "assortments",
      "name": "Assortments"
    },
    {
      "id": "gift boxes",
      "name": "Gift Boxes"
    }
  ]
}